Name,Timezone,Day of Week,Available at,Available until
Christy Schumm,(GMT-06:00) America/North_Dakota/New_Salem,Monday,9:00 AM,5:30 PM
Christy Schumm,(GMT-06:00) America/North_Dakota/New_Salem,Tuesday,8:00 AM,4:00 PM
Christy Schumm,(GMT-06:00) America/North_Dakota/New_Salem,Thursday,9:00 AM,4:00 PM
Christy Schumm,(GMT-06:00) America/North_Dakota/New_Salem,Friday,7:00 AM,2:00 PM
Natalia Stanton Jr.,(GMT-06:00) Central Time (US & Canada),Tuesday,8:00 AM,10:00 AM
Natalia Stanton Jr.,(GMT-06:00) Central Time (US & Canada),Wednesday,11:00 AM,6:00 PM
Natalia Stanton Jr.,(GMT-06:00) Central Time (US & Canada),Saturday,9:00 AM,3:00 PM
Natalia Stanton Jr.,(GMT-06:00) Central Time (US & Canada),Sunday,8:00 AM,3:00 PM
Nola Murazik V,(GMT-09:00) America/Yakutat,Monday,8:00 AM,10:00 AM
Nola Murazik V,(GMT-09:00) America/Yakutat,Tuesday,11:00 AM,1:00 PM
Nola Murazik V,(GMT-09:00) America/Yakutat,Wednesday,8:00 AM,10:00 AM
Nola Murazik V,(GMT-09:00) America/Yakutat,Saturday,8:00 AM,11:00 AM
Nola Murazik V,(GMT-09:00) America/Yakutat,Sunday,7:00 AM,9:00 AM
Elyssa O'Kon,(GMT-06:00) Central Time (US & Canada),Monday,9:00 AM,3:00 PM
Elyssa O'Kon,(GMT-06:00) Central Time (US & Canada),Tuesday,6:00 AM,1:00 PM
Elyssa O'Kon,(GMT-06:00) Central Time (US & Canada),Wednesday,6:00 AM,11:00 AM
Elyssa O'Kon,(GMT-06:00) Central Time (US & Canada),Friday,8:00 AM,12:00 PM
Elyssa O'Kon,(GMT-06:00) Central Time (US & Canada),Saturday,9:00 AM,4:00 PM
Elyssa O'Kon,(GMT-06:00) Central Time (US & Canada),Sunday,8:00 AM,10:00 AM
Dr. Geovany Keebler,(GMT-06:00) Central Time (US & Canada),Thursday,7:00 AM,2:00 PM
Dr. Geovany Keebler,(GMT-06:00) Central Time (US & Canada),Thursday,3:00 PM,5:00 PM